condition,feet_mean,feet_sd,n
large_anchor,34772,10498.811216882697,32
small_anchor,13572.217391304344,17816.24018584403,23
